,Date,City,Country,Latitude,Longitude,Cloudiness,Maximum Temperature,Pressure,Humidity,Wind Speed
0,1/1/1970,Ternate,ID,0.8,127.4,98,81.1,1007,80,5.82
1,1/1/1970,Cristalina,BR,-16.7686,-47.6136,86,72.97,1008,53,2.59
2,1/1/1970,Dingle,PH,10.9995,122.6711,93,77.13,1008,92,6.49
3,1/1/1970,Sitka,US,57.0531,-135.33,75,44.49,1007,70,8.05
4,1/1/1970,Hay River,CA,60.8156,-115.7999,75,30.18,1005,93,2.3
5,1/1/1970,Mataura,NZ,-46.1927,168.8643,57,67.05,1016,49,1.23
6,1/1/1970,Dikson,RU,73.5069,80.5464,100,17.28,982,95,5.28
7,1/1/1970,Port Alfred,ZA,-33.5906,26.891,100,63.61,1016,86,5.93
8,1/1/1970,New Norfolk,AU,-42.7826,147.0587,50,55.92,1008,59,1.01
9,1/1/1970,Ténenkou,ML,14.4572,-4.9169,27,89.11,1009,19,6.76
10,1/1/1970,Clyde River,CA,70.4692,-68.5914,75,17.83,1018,86,6.91
11,1/1/1970,Qaqortoq,GL,60.7167,-46.0333,100,28.9,1012,77,8.9
12,1/1/1970,Estación Coahuila,MX,32.1939,-115.0017,0,90.97,1011,23,12.53
13,1/1/1970,Ushuaia,AR,-54.8,-68.3,90,44.26,1005,87,4.61
14,1/1/1970,Rikitea,PF,-23.1203,-134.9692,100,75.67,1017,81,16.22
15,1/1/1970,Provideniya,RU,64.3833,-173.3,66,12.76,1014,89,4.12
16,1/1/1970,Biltine,TD,14.5333,20.9167,0,81.79,1009,16,8.32
17,1/1/1970,Barrow,US,71.2906,-156.7887,1,10.42,1004,85,11.5
18,1/1/1970,Tasiilaq,GL,65.6145,-37.6368,76,24.96,1016,81,6.67
19,1/1/1970,East London,ZA,-33.0153,27.9116,100,64.36,1016,89,5.55
20,1/1/1970,Jamestown,US,42.097,-79.2353,1,49.32,1023,39,5.75
21,1/1/1970,Truth or Consequences,US,33.1284,-107.2528,1,79.16,1021,17,9.22
22,1/1/1970,Vaini,TO,-21.2,-175.2,40,82.56,1014,83,8.05
23,1/1/1970,Nikolskoye,RU,59.7035,30.7861,79,40.87,1002,83,9.19
24,1/1/1970,Thompson,CA,55.7435,-97.8558,90,30.36,1004,93,2.3
25,1/1/1970,Mahébourg,MU,-20.4081,57.7,40,75.49,1015,83,4.61
26,1/1/1970,Jumla,NP,29.2747,82.1838,81,41.36,1017,40,4.76
27,1/1/1970,Hasaki,JP,35.7333,140.8333,100,52.29,1024,69,7.7
28,1/1/1970,Cayenne,GF,4.9333,-52.3333,90,82.44,1010,85,4
29,1/1/1970,Kyrylivka,UA,46.3759,35.3675,80,51.67,1025,72,12.97
30,1/1/1970,Yellowknife,CA,62.456,-114.3525,75,32.41,1007,91,10.36
31,1/1/1970,Bluff,NZ,-46.6,168.3333,66,57.02,1017,78,3.6
32,1/1/1970,Ust-Nera,RU,64.5667,143.2,50,-21.48,1018,97,3.96
33,1/1/1970,Butaritari,KI,3.0707,172.7902,100,82.02,1011,72,16.78
34,1/1/1970,Saint Paul Harbor,US,57.79,-152.4072,1,36.91,1004,48,13.8
35,1/1/1970,Tabas,IR,33.5959,56.9244,71,51.78,1018,9,4.85
36,1/1/1970,Kavaratti,IN,10.5669,72.642,4,81.66,1007,73,13.09
37,1/1/1970,Meulaboh,ID,4.1363,96.1285,100,74.52,1006,92,6.26
38,1/1/1970,Busselton,AU,-33.65,115.3333,8,45.09,1016,82,8.23
39,1/1/1970,Mayo,US,38.8876,-76.5119,90,54.86,1019,66,4
40,1/1/1970,Khatanga,RU,71.9667,102.5,100,13.96,996,95,11.12
41,1/1/1970,Puerto Ayora,EC,-0.7393,-90.3518,56,75.16,1012,78,10.38
42,1/1/1970,Tūkrah,LY,32.5341,20.5791,100,73.58,1017,50,4.52
43,1/1/1970,Bonthe,SL,7.5264,-12.505,90,79.93,1011,83,4.5
44,1/1/1970,Bogolyubovo,RU,56.1956,40.5297,100,43.23,1007,79,14.97
45,1/1/1970,Olafsvik,IS,64.8945,-23.7142,100,34.66,1009,78,14.5
46,1/1/1970,Severo-Kuril'sk,RU,50.6789,156.125,12,35.92,1019,77,6.96
47,1/1/1970,Anadyr,RU,64.75,177.4833,75,10.9,1013,85,4.47
48,1/1/1970,Kruisfontein,ZA,-34.0033,24.7314,100,59.88,1017,79,6.11
49,1/1/1970,Hithadhoo,MV,-0.6,73.0833,97,83.1,1008,71,18.39
50,1/1/1970,Punta Arenas,CL,-53.15,-70.9167,90,50.11,1005,87,10.36
51,1/1/1970,Dekar,BW,-21.5333,21.9333,97,82.42,1009,34,13.38
52,1/1/1970,Arraial do Cabo,BR,-22.9661,-42.0278,40,71.46,1013,68,9.22
53,1/1/1970,Grand Gaube,MU,-20.0064,57.6608,66,75.6,1015,79,3
54,1/1/1970,Kaitangata,NZ,-46.2817,169.8464,14,59.94,1017,73,4.68
55,1/1/1970,Port Hardy,CA,50.6996,-127.4199,75,42.98,1008,87,6.91
56,1/1/1970,Tuktoyaktuk,CA,69.4541,-133.0374,14,10.26,1018,90,9.69
57,1/1/1970,Atuona,PF,-9.8,-139.0333,35,78.31,1013,70,19.71
58,1/1/1970,Amahai,ID,-3.3333,128.9167,78,79.97,1008,81,3.47
59,1/1/1970,Gairo,IT,39.8497,9.5047,98,51.01,1014,95,5.06
60,1/1/1970,Pierre,US,44.3683,-100.351,1,67.86,1008,41,4
61,1/1/1970,Ilulissat,GL,69.2167,-51.1,20,17.62,1012,49,13.8
62,1/1/1970,Ulety,RU,51.3572,112.4849,65,15.67,1032,42,8.21
63,1/1/1970,Makakilo City,US,21.3469,-158.0858,75,86.32,1019,58,10.36
64,1/1/1970,Poddor'ye,RU,57.4695,31.1156,98,40.39,1007,76,13.33
65,1/1/1970,Elizabeth City,US,36.2946,-76.2511,90,60.98,1020,90,1.01
66,1/1/1970,Praia da Vitória,PT,38.7333,-27.0667,40,69.76,1024,88,22.82
67,1/1/1970,Port Elizabeth,ZA,-33.918,25.5701,90,62.1,1016,88,5.75
68,1/1/1970,Gizo Government Station,SB,-8.103,156.8419,3,83.71,1010,70,5.57
69,1/1/1970,Taoudenni,ML,22.6783,-3.9836,1,78.76,1012,17,6.71
70,1/1/1970,Raudeberg,NO,61.9875,5.1352,100,43.47,993,81,3
71,1/1/1970,Sehithwa,BW,-20.4667,22.7167,50,80.38,1009,41,4.43
72,1/1/1970,El Higo,MX,21.7667,-98.4667,97,76.44,1019,64,4.34
73,1/1/1970,Swan River,CA,52.1058,-101.2676,65,49.89,1006,50,9.22
74,1/1/1970,Albany,US,42.6001,-73.9662,0,45.45,1024,64,3.56
75,1/1/1970,Faanui,PF,-16.4833,-151.75,89,80.37,1013,69,5.08
76,1/1/1970,Grindavik,IS,63.8424,-22.4338,90,37.35,1006,87,16.11
77,1/1/1970,Bengkulu,ID,-3.8004,102.2655,100,75.7,1007,91,14.25
78,1/1/1970,Esso,RU,55.9333,158.7,76,9.27,1022,99,4.09
79,1/1/1970,Padang,ID,-0.9492,100.3543,100,75.09,1009,95,3.67
80,1/1/1970,Banda Aceh,ID,5.5577,95.3222,100,76.84,1006,85,7.07
81,1/1/1970,Plettenberg Bay,ZA,-34.0527,23.3716,100,59.5,1018,75,3.13
82,1/1/1970,Ribeira Grande,PT,38.5167,-28.7,45,69.53,1023,88,27.04
83,1/1/1970,Katete,UG,-0.7818,29.7544,99,62.69,1012,87,2.39
84,1/1/1970,Hobart,AU,-42.8794,147.3294,40,58.05,1006,59,1.99
85,1/1/1970,Vao,NC,-22.6667,167.4833,93,69.22,1014,60,8.08
86,1/1/1970,Hermanus,ZA,-34.4187,19.2345,20,57.9,1018,73,5.06
87,1/1/1970,Avarua,CK,-21.2078,-159.775,40,77.05,1016,61,12.66
88,1/1/1970,Homer,US,59.6425,-151.5483,90,36.09,1003,84,0
89,1/1/1970,Chokurdakh,RU,70.6333,147.9167,99,-1.28,1004,95,8.52
90,1/1/1970,Lompoc,US,34.6391,-120.4579,1,76.1,1016,63,13.8
91,1/1/1970,Mar del Plata,AR,-38.0023,-57.5575,0,57.09,1023,81,3
92,1/1/1970,Ahipara,NZ,-35.1667,173.1667,2,67.23,1016,66,1.92
93,1/1/1970,Katesh,TZ,-4.5167,35.3833,12,61.79,1013,47,5.68
94,1/1/1970,Lyngseidet,NO,69.5763,20.2189,100,34.47,1003,77,10.67
95,1/1/1970,Hilo,US,19.7297,-155.09,20,82.13,1019,64,5.75
96,1/1/1970,Apatzingán,MX,19.0833,-102.35,94,86.76,1011,54,3.11
97,1/1/1970,Cherskiy,RU,68.75,161.3,100,15.89,1002,79,14.65
98,1/1/1970,Santa Isabel Rio Negro,BR,-0.4139,-65.0192,94,81.93,1006,70,2.51
99,1/1/1970,Korla,CN,41.7597,86.1469,0,24.37,1042,44,4.85
100,1/1/1970,Saint George,US,37.1041,-113.5841,1,82.87,1017,24,1.99
101,1/1/1970,Kutum,SD,14.2,24.6667,1,72.25,1012,28,8.63
102,1/1/1970,Rawson,AR,-43.3002,-65.1023,4,72.48,1012,24,33.55
103,1/1/1970,Ust-Kuyga,RU,70.0167,135.6,98,-11.92,1009,100,4.99
104,1/1/1970,Qaanaaq,GL,77.484,-69.3632,99,6.87,1018,72,7.67
105,1/1/1970,Alofi,NU,-19.0595,-169.9187,28,80.49,1014,78,13.8
106,1/1/1970,Vostok,RU,46.4856,135.8833,100,13.03,1032,91,1.92
107,1/1/1970,Pevek,RU,69.7008,170.3133,39,-3.33,1006,83,11.34
108,1/1/1970,Quatre Cocos,MU,-20.2078,57.7625,91,75.31,1014,76,10.98
109,1/1/1970,Sovetskiy,RU,61.3614,63.5842,100,34.86,1000,93,11.63
110,1/1/1970,Aykhal,RU,66,111.5,100,-1.21,1012,100,9.22
111,1/1/1970,Ixtapa,MX,20.7,-105.2,18,84.22,1009,82,5.01
112,1/1/1970,Katsuura,JP,35.1333,140.3,100,59.18,1023,83,7.81
113,1/1/1970,Liberty,US,31.8335,-81.5004,75,48.52,1015,43,1.99
114,1/1/1970,Cape Town,ZA,-33.9258,18.4232,0,59.27,1019,70,3
115,1/1/1970,Chumikan,RU,54.7183,135.315,1,18.36,1020,53,24.47
116,1/1/1970,Bredasdorp,ZA,-34.5322,20.0403,57,54.72,1019,76,4.61
117,1/1/1970,Bilma,NE,18.6853,12.9164,39,78.42,1012,15,4.59
118,1/1/1970,Beira,MZ,-19.8436,34.8389,20,77.09,1010,88,6.91
119,1/1/1970,Airai,TL,-8.9266,125.4092,50,63.84,1010,81,1.68
120,1/1/1970,Novoraychikhinsk,RU,49.7798,129.594,4,8.44,1031,92,2.08
121,1/1/1970,Yulara,AU,-25.2406,130.9889,90,67.84,1012,83,2.3
122,1/1/1970,Ballina,AU,-28.8667,153.5667,93,73.78,1013,78,4.65
123,1/1/1970,Rio de Janeiro,BR,-22.9028,-43.2075,40,72.91,1017,74,12.66
124,1/1/1970,Karakol,KG,42.4907,78.3936,6,16.79,1038,62,7.54
125,1/1/1970,Lüderitz,NA,-26.6481,15.1594,84,59.27,1014,71,18.84
126,1/1/1970,Galeana,MX,24.8333,-100.0667,1,61.68,1020,53,6.93
127,1/1/1970,Canyon,US,34.9803,-101.9188,3,82,1013,19,16.6
128,1/1/1970,Iqaluit,CA,63.7506,-68.5145,75,22.73,1005,73,11.01
129,1/1/1970,Samarai,PG,-10.6167,150.6667,69,83.73,1009,74,15.41
130,1/1/1970,Ipojuca,BR,-8.3989,-35.0639,14,82.31,1010,83,10.85
131,1/1/1970,Hervey Bay,AU,-25.2986,152.8535,44,77.04,1014,67,10.58
132,1/1/1970,Touros,BR,-5.1989,-35.4608,60,83.3,1010,80,12.28
133,1/1/1970,Hemsedal,NO,60.8629,8.5534,100,35.31,1001,96,3.83
134,1/1/1970,Atikokan,CA,48.7555,-91.6216,10,51.03,1009,70,9.37
135,1/1/1970,Bopfingen,DE,48.85,10.35,1,37.09,1024,93,4.18
136,1/1/1970,Upernavik,GL,72.7868,-56.1549,68,14.54,1014,84,10.51
137,1/1/1970,Praia,CV,14.9215,-23.5087,20,77.54,1013,78,14.97
138,1/1/1970,Olden,NO,61.8364,6.8064,100,37,998,79,8.3
139,1/1/1970,Bambous Virieux,MU,-20.3428,57.7575,40,75.45,1015,83,4.61
140,1/1/1970,Hanoi,VN,21.0245,105.8412,25,77,1009,93,3.65
141,1/1/1970,Arrondissement de Parthenay,FR,46.6667,-0.4167,85,40.12,1030,88,4.72
142,1/1/1970,Chittarkonda,IN,18.1167,82.0833,99,65.37,1010,91,1.9
143,1/1/1970,Yicheng,CN,31.3705,119.8703,100,63.81,1017,91,7.7
144,1/1/1970,Rocha,UY,-34.4833,-54.3333,49,54.86,1021,79,5.46
145,1/1/1970,Nagapattinam,IN,10.7667,79.8333,100,75.9,1006,91,8.9
146,1/1/1970,Innisfail,AU,-17.5333,146.0333,90,78.22,1012,70,0.87
147,1/1/1970,George Town,MY,5.4112,100.3354,20,80.53,1005,90,2.3
148,1/1/1970,Juneau,US,58.3019,-134.4197,75,46.22,1006,92,8.05
149,1/1/1970,Fort Nelson,CA,58.8053,-122.7002,90,31.59,1003,93,4.61
150,1/1/1970,Nambucca Heads,AU,-30.65,153,100,75.99,1011,71,3
151,1/1/1970,Sierpc,PL,52.8568,19.6691,82,43.56,1021,82,14.12
152,1/1/1970,Ketchikan,US,55.3422,-131.6461,20,43.27,1007,87,0
153,1/1/1970,Tiksi,RU,71.6872,128.8694,100,-2.09,1002,88,14.5
154,1/1/1970,Dryden,CA,49.7833,-92.7503,1,52.09,1008,66,11.5
155,1/1/1970,Atasū,KZ,48.6814,71.6433,95,25.57,1038,22,2.62
156,1/1/1970,Fukuechō,JP,32.6881,128.8419,0,66.2,1017,68,14.03
157,1/1/1970,Flinders,AU,-34.5833,150.8552,77,68.2,1009,71,2.46
158,1/1/1970,Sandwick,GB,60,-1.25,90,49.82,992,81,32.21
159,1/1/1970,Cidreira,BR,-30.1811,-50.2056,100,64.92,1017,80,14.7
160,1/1/1970,Sisimiut,GL,66.9395,-53.6735,22,20.23,1013,74,11.63
161,1/1/1970,Bethel,US,41.3712,-73.414,0,47.48,1023,64,1.7
162,1/1/1970,Harper,LR,4.375,-7.7169,69,78.75,1011,84,6.98
163,1/1/1970,Seydi,TM,39.4816,62.9137,6,34.66,1028,29,6.35
164,1/1/1970,Inta,RU,66.0317,60.1659,100,35.8,987,98,18.52
165,1/1/1970,Paamiut,GL,61.994,-49.6678,80,24.51,1011,84,9.4
166,1/1/1970,Makkah al Mukarramah,SA,21.4267,39.8261,0,78.35,1010,63,2.64
167,1/1/1970,Hong Gai,VN,20.956,107.0946,27,76.91,1010,94,3.15
168,1/1/1970,Taltal,CL,-25.4,-70.4833,23,64.72,1016,67,6.29
169,1/1/1970,Cap Malheureux,MU,-19.9842,57.6142,53,75.69,1015,79,3
170,1/1/1970,Melfi,IT,40.9965,15.6514,100,59.49,1022,98,3.31
171,1/1/1970,Kapaa,US,22.0752,-159.319,1,82.38,1020,73,1.99
172,1/1/1970,São Miguel do Araguaia,BR,-13.275,-50.1628,100,75.96,1008,87,2.84
173,1/1/1970,Voyvozh,RU,62.892,54.9635,99,37.26,993,94,9.64
174,1/1/1970,Chegutu,ZW,-18.1302,30.1407,31,75.09,1012,30,6.53
175,1/1/1970,Linxia Chengguanzhen,CN,35.6003,103.2064,81,12.04,1049,86,1.79
176,1/1/1970,Nyimba,ZM,-14.5566,30.8149,21,80.87,1009,32,7.14
177,1/1/1970,Hefei,CN,31.8639,117.2808,90,48.22,1019,100,22.37
178,1/1/1970,Bayonet Point,US,28.3267,-82.6834,99,62.55,1016,88,5.01
179,1/1/1970,Ushtobe,KZ,45.2514,77.9838,5,13.15,1039,90,6.55
180,1/1/1970,Chui,UY,-33.6971,-53.4616,32,58.51,1020,69,8.9
181,1/1/1970,General Pico,AR,-35.6566,-63.7568,96,57.04,1021,47,8.16
182,1/1/1970,Saskylakh,RU,71.9167,114.0833,90,4.55,999,93,9.19
183,1/1/1970,Kavieng,PG,-2.5744,150.7967,66,84.25,1009,73,16.71
184,1/1/1970,Khilok,RU,51.3674,110.4676,76,13.21,1034,50,4.65
185,1/1/1970,Trybukhivtsi,UA,49.0436,25.4581,38,39.24,1028,72,3.42
186,1/1/1970,Talara,PE,-4.5772,-81.2719,40,68.76,1011,77,20.71
187,1/1/1970,Sibolga,ID,1.7427,98.7792,99,75.11,1008,92,1.28
188,1/1/1970,Lere,NG,10.387,8.5726,93,72.97,1011,31,2.64
189,1/1/1970,Léo,BF,11.1,-2.1,60,82.15,1009,40,5.3
190,1/1/1970,Kiryat Gat,IL,31.61,34.7642,1,72.39,1013,50,1.01
191,1/1/1970,Kamenka,RU,51.3223,42.7678,95,46.78,1018,81,8.75
192,1/1/1970,Ancud,CL,-41.8697,-73.8203,23,59.43,1020,74,10.47
193,1/1/1970,Henties Bay,NA,-22.116,14.2845,4,58.44,1013,90,8.88
194,1/1/1970,Nabire,ID,-3.3667,135.4833,100,76.57,1009,91,2.55
195,1/1/1970,Torbay,CA,47.6666,-52.7314,75,41.27,1016,78,14.97
196,1/1/1970,Labuhan,ID,-6.8844,112.2051,95,81.36,1006,73,1.07
197,1/1/1970,Ciudad Bolivar,VE,8.1222,-63.5497,100,84.65,1010,59,9.91
198,1/1/1970,Walvis Bay,NA,-22.9575,14.5053,0,58.15,1013,77,4.61
199,1/1/1970,Narsaq,GL,60.9167,-46.05,100,28.62,1013,81,8.93
200,1/1/1970,Zhezkazgan,KZ,47.8043,67.7144,9,26.4,1038,21,4.61
201,1/1/1970,Cândido Mendes,BR,-1.4467,-45.7167,72,79.14,1009,82,5.84
202,1/1/1970,Tuatapere,NZ,-46.1333,167.6833,98,62.15,1016,54,0.87
203,1/1/1970,Ustrzyki Dolne,PL,49.4304,22.5938,16,38.12,1027,100,4.72
204,1/1/1970,Mindelo,CV,16.8901,-24.9804,40,76.55,1014,69,21.85
205,1/1/1970,Kostomuksha,RU,64.571,30.5767,100,32.52,994,96,7.23
206,1/1/1970,Ponoka,CA,52.6768,-113.5815,68,43.88,1006,35,8.63
207,1/1/1970,Oistins,BB,13.0667,-59.5333,40,80.69,1012,78,13.8
208,1/1/1970,Atar,MR,20.5169,-13.0499,9,77.81,1013,28,7.72
209,1/1/1970,Lhokseumawe,ID,5.1801,97.1507,100,77.56,1006,87,5.39
210,1/1/1970,Pamyat' Parizhskoy Kommuny,RU,56.1048,44.4952,53,42.75,1009,77,11.48
211,1/1/1970,Hong Kong,HK,22.2855,114.1577,0,78.33,1011,88,1.99
212,1/1/1970,Capreol,CA,46.706,-80.9225,20,46.54,1018,69,5.01
213,1/1/1970,Mossamedes,AO,-15.1961,12.1522,86,70.36,1011,81,5.23
214,1/1/1970,Verkhnevilyuysk,RU,63.4453,120.3167,98,0.73,1017,99,2.8
215,1/1/1970,Emba,KZ,48.8264,58.1442,16,29.1,1035,23,8.66
216,1/1/1970,Mogadishu,SO,2.0371,45.3438,17,78.73,1010,79,10.22
217,1/1/1970,Mugan,CN,35.9404,101.3842,0,18.88,1040,34,8.88
218,1/1/1970,Palmas de Monte Alto,BR,-14.2672,-43.1619,92,81.34,1008,57,0.69
219,1/1/1970,Kampot,KH,10.6167,104.1833,92,77.05,1007,92,3.71
220,1/1/1970,Qandala,SO,11.472,49.8728,20,79.5,1011,48,3.62
221,1/1/1970,Nioki,CD,-2.7167,17.6833,100,71.46,1009,98,1.99
222,1/1/1970,Sept-Îles,CA,50.2001,-66.3821,40,45.05,1013,68,10
223,1/1/1970,Lagoa,PT,39.05,-27.9833,100,68.18,1024,86,28.7
224,1/1/1970,Mount Gambier,AU,-37.8333,140.7667,36,54.66,1012,55,5.5
225,1/1/1970,Sinnamary,GF,5.3833,-52.95,100,79.23,1010,85,7.38
226,1/1/1970,Assiniboia,CA,49.6334,-105.9845,92,53.51,1011,26,13.8
227,1/1/1970,Beringovskiy,RU,63.05,179.3167,84,14.22,1015,92,6.91
228,1/1/1970,Ponta do Sol,PT,32.6667,-17.1,61,69.71,1024,61,8.7
229,1/1/1970,Lázaro Cárdenas,MX,17.9583,-102.2,98,83.16,1010,75,8.72
230,1/1/1970,Merauke,ID,-8.4667,140.3333,75,81.19,1009,77,8.79
231,1/1/1970,San Patricio,US,28.017,-97.5169,0,75.29,1021,40,5.28
232,1/1/1970,Bajil,YE,15.0584,43.2851,40,83.53,1009,54,2.19
233,1/1/1970,Lavrentiya,RU,65.5833,-171,0,4.37,1014,77,7.29
234,1/1/1970,Nemuro,JP,43.3236,145.575,70,49.37,1023,82,14.65
235,1/1/1970,Garoowe,SO,8.4054,48.4845,29,70.47,1012,77,7.61
236,1/1/1970,Faya,SA,18.3851,42.4509,0,57.72,1015,54,2.44
237,1/1/1970,Nālūt,LY,30.3333,10.85,74,66.79,1014,40,8.66
238,1/1/1970,Shelburne,CA,44.0787,-80.2041,91,44.67,1023,65,10.07
239,1/1/1970,Daru,PG,-9.0763,143.2092,46,82.74,1009,78,5.68
240,1/1/1970,Bubaque,GW,11.2833,-15.8333,26,84.09,1011,74,9.4
241,1/1/1970,Nānākuli,US,21.3906,-158.1547,75,87.75,1019,56,10.36
242,1/1/1970,Talnakh,RU,69.4865,88.3972,100,17.56,992,93,22.57
243,1/1/1970,Kahului,US,20.8947,-156.47,20,87.82,1018,62,24.16
244,1/1/1970,Lebu,CL,-37.6167,-73.65,24,54.81,1021,83,15.26
245,1/1/1970,Norman Wells,CA,65.282,-126.8329,75,26.64,1012,100,9.22
246,1/1/1970,Lingsugūr,IN,16.1667,76.5167,84,70.72,1009,71,6.85
247,1/1/1970,Manaus,BR,-3.1019,-60.025,75,75.7,1009,100,1.14
248,1/1/1970,Vardø,NO,70.3705,31.1107,100,34.79,1001,57,17.76
249,1/1/1970,Betafo,MG,-19.8333,46.85,8,61.47,1016,87,3.71
250,1/1/1970,Carnarvon,AU,-24.8667,113.6333,2,64.47,1009,77,19.57
251,1/1/1970,Liverpool,GB,53.4106,-2.9779,40,53.76,1016,76,10
252,1/1/1970,Mafeteng,LS,-29.823,27.2374,99,61.61,1012,25,3.13
253,1/1/1970,Hambantota,LK,6.1241,81.1185,100,78.4,1007,81,10.94
254,1/1/1970,Shache,CN,38.4167,77.2406,31,30.15,1039,32,1.16
255,1/1/1970,Katherine,AU,-14.4667,132.2667,90,75.52,1009,94,5.75
256,1/1/1970,Hamilton,US,39.1834,-84.5333,1,56.64,1023,46,0
257,1/1/1970,Namatanai,PG,-3.6667,152.4333,72,83.39,1010,71,9.69
258,1/1/1970,Viedma,AR,-40.8135,-62.9967,92,65.23,1019,29,17.92
259,1/1/1970,Westport,US,41.1415,-73.3579,1,49.98,1025,63,1.01
260,1/1/1970,Kondinskoye,RU,59.6481,67.41,100,35.35,1007,88,16.17
261,1/1/1970,Ürümqi,CN,43.801,87.6005,0,14.95,1038,73,2.24
262,1/1/1970,Cabo San Lucas,MX,22.8909,-109.9124,20,89.51,1015,39,3.44
263,1/1/1970,Buckeye,US,33.3703,-112.5838,0,92.16,1015,17,4.61
264,1/1/1970,Souillac,MU,-20.5167,57.5167,40,75.58,1015,83,4.61
265,1/1/1970,Semporna,MY,4.4818,118.6112,61,75.4,1007,86,4.54
266,1/1/1970,Husavik,IS,66.0449,-17.3389,100,33.71,1006,99,8.72
267,1/1/1970,Sterling,US,39.0062,-77.4286,75,53.58,1027,62,4.61
268,1/1/1970,Vila Franca do Campo,PT,37.7167,-25.4333,25,69.19,1027,80,16.98
269,1/1/1970,Mount Isa,AU,-20.7333,139.5,40,82.17,1009,54,6.91
270,1/1/1970,Necochea,AR,-38.5473,-58.7368,99,53.04,1023,56,11.9
271,1/1/1970,Bud,US,39.447,-86.1758,0,57.15,1023,50,4.32
272,1/1/1970,Port Lincoln,AU,-34.7333,135.8667,100,55.62,1013,61,6.89
273,1/1/1970,Abu Samrah,SY,35.3029,37.1841,0,64.06,1016,43,1.95
274,1/1/1970,Tual,ID,-5.6667,132.75,85,83.61,1008,72,1.86
275,1/1/1970,Kouqian,CN,43.6391,126.4578,100,24.73,1032,86,4.47
276,1/1/1970,Iglesias,IT,39.3114,8.535,56,56.75,1012,90,3.62
277,1/1/1970,Finschhafen,PG,-6.6024,147.8681,24,82.8,1011,68,5.17
278,1/1/1970,Itoman,JP,26.1247,127.6694,40,75.97,1011,85,10.36
279,1/1/1970,Vestmanna,FO,62.1564,-7.1664,90,45.52,987,100,5.75
280,1/1/1970,Saint-Augustin,CA,51.226,-58.6502,93,36.9,1012,71,10.36
281,1/1/1970,Longyearbyen,SJ,78.2186,15.6401,40,13.84,1008,67,3.44
282,1/1/1970,Turukhansk,RU,65.8167,87.9833,100,28.22,996,96,22.75
283,1/1/1970,Cravo Norte,CO,6.3017,-70.2041,98,83.01,1008,68,5.59
284,1/1/1970,Øksfjord,NO,70.2396,22.3479,100,29.32,1004,90,7.76
285,1/1/1970,El Tigre,VE,8.8875,-64.2454,100,82.9,1010,56,11.48
286,1/1/1970,Yangi Marg`ilon,UZ,40.4272,71.7189,0,33.22,1027,50,2.95
287,1/1/1970,Coos Bay,US,43.3665,-124.2179,20,55.85,1020,83,14.97
288,1/1/1970,Iwanai,JP,42.9744,140.5089,98,45.88,1024,83,4.43
289,1/1/1970,Yichang,CN,30.7144,111.2847,100,52,1022,73,7
290,1/1/1970,Simplício Mendes,BR,-7.8539,-41.9103,90,76.21,1010,82,9.24
291,1/1/1970,Metro,ID,-5.1131,105.3067,100,75.27,1006,91,2.21
292,1/1/1970,Broken Hill,AU,-31.95,141.4333,100,62.02,1009,68,16.33
293,1/1/1970,Kuril'sk,RU,45.2333,147.8833,26,43.86,1021,79,10
294,1/1/1970,Santa Cruz de La Palma,ES,28.6835,-17.7642,75,69.94,1021,52,12.66
295,1/1/1970,Novoagansk,RU,61.9449,76.6625,100,33.35,1002,97,17.54
296,1/1/1970,Al Bardīyah,LY,31.7561,25.0865,25,70.11,1017,75,8.57
297,1/1/1970,Porto-Novo,BJ,6.4965,2.6036,100,80.42,1010,82,6.98
298,1/1/1970,Brikama,GM,13.2714,-16.6494,40,80.64,1010,89,5.75
299,1/1/1970,Avera,US,33.194,-82.5271,100,52.75,1018,33,16.42
300,1/1/1970,Dunedin,NZ,-45.8742,170.5036,19,52.81,1000,83,5.99
301,1/1/1970,Yeppoon,AU,-23.1333,150.7333,43,80.38,1013,66,11.45
302,1/1/1970,Moyale,KE,3.5167,39.0584,95,72.01,1010,65,6.35
303,1/1/1970,Klaksvík,FO,62.2266,-6.589,100,47.32,984,95,12.03
304,1/1/1970,Pisco,PE,-13.7,-76.2167,0,68.05,1012,73,20.71
305,1/1/1970,Mtsamboro,YT,-12.6998,45.0689,92,78.12,1011,81,8.63
306,1/1/1970,Vila,PT,42.0304,-8.1588,50,43.93,1031,88,4.54
307,1/1/1970,Zhangaözen,KZ,43.3,52.8,0,33.42,1030,21,9.35
308,1/1/1970,Alice Springs,AU,-23.7,133.8833,40,69.35,1012,88,3.44
309,1/1/1970,Verkh-Chebula,RU,56.0308,87.6218,85,22.06,1030,83,17.98
310,1/1/1970,Magdagachi,RU,53.45,125.8,77,12.63,1028,47,2.53
311,1/1/1970,Russell,US,32.3502,-85.1999,1,61.97,1019,25,12.66
312,1/1/1970,Yerbogachën,RU,61.2767,108.0108,93,6.03,1021,99,5.41
313,1/1/1970,Ardatov,RU,55.2421,43.097,94,42.82,1011,78,13.13
314,1/1/1970,Lata,PT,40.1629,-8.3327,3,52.81,1029,69,4.07
315,1/1/1970,Tortolì,IT,39.9256,9.6572,40,58.82,1012,72,16.11
316,1/1/1970,Rivers,CA,50.0308,-100.2403,63,58.15,1007,33,6.24
317,1/1/1970,Kamina,CD,-8.7386,24.9906,77,66.81,1009,80,4.9
318,1/1/1970,Tiznit Province,MA,29.5833,-9.5,0,60.71,1015,55,5.55
319,1/1/1970,Portland,US,45.5234,-122.6762,75,53.64,1016,76,3
320,1/1/1970,Port Blair,IN,11.6667,92.75,100,80.4,1006,81,7.25
321,1/1/1970,Paka,MY,4.6374,103.4368,95,78.73,1005,94,0
322,1/1/1970,Atherton,GB,53.5237,-2.4935,79,53.29,1016,68,11.99
323,1/1/1970,Penzance,GB,50.1186,-5.5371,100,56.41,1025,96,21.36
324,1/1/1970,Severobaykal'sk,RU,55.65,109.3167,98,18.41,1030,70,4.9
325,1/1/1970,Ust-Maya,RU,60.4167,134.5333,100,4.05,1017,95,5.46
326,1/1/1970,Gold Coast,AU,-28,153.4333,98,77.38,1012,72,4
327,1/1/1970,Ntcheu,MW,-14.8203,34.6359,36,75.24,1012,29,6.15
328,1/1/1970,Deputatsky,RU,69.3,139.9,100,-2.16,1009,88,8.84
329,1/1/1970,Vila Velha,BR,-20.3297,-40.2925,75,75.15,1013,82,11.01
330,1/1/1970,Calama,CL,-22.4667,-68.9333,0,72.09,1025,7,23.02
331,1/1/1970,Biak,ID,-0.9131,122.8766,100,76.77,1008,83,1.36
332,1/1/1970,Pestravka,RU,52.405,49.9583,100,41.49,1020,40,19.53
333,1/1/1970,Dongfeng,CN,42.6403,125.5118,100,25.7,1030,77,8.08
334,1/1/1970,Akdepe,TM,42.0551,59.3788,0,24.89,1030,23,5.37
335,1/1/1970,Pangnirtung,CA,66.1451,-65.7125,20,12.29,1015,57,10.31
336,1/1/1970,Warman,CA,52.3168,-106.5679,20,44.1,1007,70,6.91
337,1/1/1970,Guarapari,BR,-20.6667,-40.4975,90,75.09,1013,80,6.51
338,1/1/1970,Lumut,MY,4.2323,100.6298,40,77.02,1005,94,0
339,1/1/1970,Mazagão,BR,-0.115,-51.2894,99,87.85,1008,71,5.01
340,1/1/1970,Esim,GH,4.8699,-2.2405,69,79.09,1011,86,6.89
341,1/1/1970,Guerrero Negro,MX,27.9769,-114.0611,3,76.32,1014,53,10.74
342,1/1/1970,Rupert,US,42.6191,-113.6772,75,53.55,1016,50,10.36
343,1/1/1970,Dvinskoy,RU,62.1535,45.1175,100,38.26,994,97,7.34
344,1/1/1970,San Jose,US,37.3394,-121.895,75,68.49,1020,61,4
345,1/1/1970,Weihai,CN,37.5017,122.1136,60,57.2,1020,77,9.71
346,1/1/1970,Manzhouli,CN,49.6,117.4333,0,14.31,1033,45,5.84
347,1/1/1970,Norden,DE,53.6,7.2,100,51.01,1006,95,4
348,1/1/1970,Calderitas,MX,18.55,-88.25,40,84.31,1015,54,9.22
349,1/1/1970,Forsytheganj,BY,52.6333,29.7333,100,47.1,1019,70,15.77
350,1/1/1970,Chimbote,PE,-9.0853,-78.5783,33,66.36,1012,80,11.95
351,1/1/1970,Ginda,IN,30.6945,78.4932,26,47.03,1014,33,7.49
352,1/1/1970,Lorengau,PG,-2.0226,147.2712,42,83.52,1009,76,9.73
353,1/1/1970,Yokadouma,CM,3.5167,15.05,94,70.48,1011,97,1.74
354,1/1/1970,Aberdeen,GB,57.1437,-2.0981,51,47.19,1003,69,19.57
355,1/1/1970,Acapulco de Juárez,MX,16.8634,-99.8901,40,85.82,1010,70,10.36
356,1/1/1970,Asău,RO,46.4333,26.4,77,45.95,1026,66,3.06
357,1/1/1970,Te Anau,NZ,-45.4167,167.7167,80,61.03,1017,51,1.7
358,1/1/1970,Saint-Pierre,RE,-21.3393,55.4781,0,71.29,1014,74,2.3
359,1/1/1970,Kieta,PG,-6.2167,155.6333,26,82.76,1011,77,5.91
360,1/1/1970,Aginskoye,RU,51.1,114.53,4,13.96,1032,43,6.69
361,1/1/1970,Nouadhibou,MR,20.931,-17.0347,0,69.78,1015,60,19.57
362,1/1/1970,Vestmannaeyjar,IS,63.4427,-20.2734,99,39.09,1004,80,25.32
363,1/1/1970,Shenkursk,RU,62.1091,42.896,100,38.39,995,93,6.38
364,1/1/1970,Tautira,PF,-17.7333,-149.15,78,82.42,1014,77,8.3
365,1/1/1970,Mednogorsk,RU,51.4128,57.595,99,28.78,1032,25,9.06
366,1/1/1970,Ayan,RU,56.45,138.1667,45,17.1,1011,59,17.98
367,1/1/1970,Irshava,UA,48.3167,23.0385,96,47.14,1028,90,2.64
368,1/1/1970,Masallātah,LY,32.6167,14,100,75.61,1012,40,17.13
369,1/1/1970,Saldanha,ZA,-33.0117,17.9442,54,53.65,1017,72,16.82
370,1/1/1970,Sabha,LY,27.0377,14.4283,6,73.65,1014,23,11.41
371,1/1/1970,College,US,64.8569,-147.8028,90,26.55,1006,89,0
372,1/1/1970,Honiara,SB,-9.4333,159.95,1,84.2,1011,71,5.88
373,1/1/1970,Skjervøy,NO,70.0311,20.9714,100,38.07,1002,62,15.75
374,1/1/1970,Tarakan,ID,3.3,117.6333,40,78.3,1007,94,3.44
375,1/1/1970,Laguna,US,38.421,-121.4238,20,65.05,1020,70,1.99
376,1/1/1970,Goma,CD,-1.6792,29.2228,99,63.79,1013,86,2.82
377,1/1/1970,Saint-Philippe,RE,-21.3585,55.7679,38,71.22,1016,84,8.77
378,1/1/1970,Bandar-e Anzali,IR,37.4727,49.4622,10,53.11,1025,76,4.05
379,1/1/1970,Huainan,CN,32.6264,116.9969,100,52.2,1018,87,18.25
380,1/1/1970,Ashtian,IR,34.5217,50.0019,100,36.46,1020,92,0.63
381,1/1/1970,Talaya,RU,61.3833,152.75,100,12.13,1006,94,5.1
382,1/1/1970,Salekhard,RU,66.53,66.6019,100,34.38,986,98,16.51
383,1/1/1970,Thunder Bay,CA,48.4001,-89.3168,90,55.99,1008,72,0
384,1/1/1970,Kumul,CN,42.8,93.45,0,23.41,1043,36,0.69
385,1/1/1970,Zhangjiakou,CN,40.81,114.8794,100,14.88,1040,90,9.31
386,1/1/1970,Aklavik,CA,68.2191,-135.0107,90,17.6,1016,100,6.91
387,1/1/1970,Price,US,39.5994,-110.8107,1,66.72,1020,33,4.61
388,1/1/1970,Beloha,MG,-25.1667,45.05,23,67.15,1013,74,11.99
389,1/1/1970,Malakal,SS,9.5334,31.6605,6,78.85,1007,54,1.5
390,1/1/1970,Mananjary,MG,-21.2167,48.3333,89,71.24,1015,89,1.72
391,1/1/1970,Marquette,US,46.5333,-87.6335,89,57.78,1010,66,8.63
392,1/1/1970,Meadow Lake,US,34.8014,-106.5436,2,77.61,1015,16,4.61
393,1/1/1970,Half Moon Bay,US,37.4636,-122.4286,1,67.82,1021,73,1.99
394,1/1/1970,Nhulunbuy,AU,-12.2333,136.7667,95,84.81,1009,70,1.14
395,1/1/1970,Manta,EC,-0.95,-80.7333,20,80.38,1010,74,16.11
396,1/1/1970,Cabedelo,BR,-6.9811,-34.8339,2,81.27,1011,81,13.73
397,1/1/1970,Pedernales,DO,18.0384,-71.744,81,82.96,1013,73,7.43
398,1/1/1970,Wanning,CN,18.8003,110.3967,31,74.28,1010,86,1.83
399,1/1/1970,Santa Maria,BR,-29.6842,-53.8069,90,67.3,1016,83,8.05
400,1/1/1970,Barnstead,US,43.334,-71.2928,1,45.28,1026,68,3.33
401,1/1/1970,Baruun-Urt,MN,46.6806,113.2792,64,9.54,1037,47,9.53
402,1/1/1970,Farrukhābād,IN,27.4,79.5667,44,66.76,1010,48,5.77
403,1/1/1970,Turaif,SA,31.6725,38.6637,0,57.45,1017,54,9.22
404,1/1/1970,Eureka,US,40.8021,-124.1637,100,59.94,1018,68,3
405,1/1/1970,Neuquén,AR,-38.9516,-68.0591,0,71.49,1017,26,9.22
406,1/1/1970,Mitsamiouli,KM,-11.3847,43.2844,87,79.23,1011,80,7.54
407,1/1/1970,Kaliua,TZ,-5.0606,31.7936,89,69.98,1009,35,3.18
408,1/1/1970,Dharmavaram,IN,14.4333,77.7167,48,70.97,1008,85,3.02
409,1/1/1970,Alta,NO,69.9689,23.2717,97,25.86,1004,86,3.44
410,1/1/1970,Udachny,RU,66.4167,112.4,100,-2.81,1011,95,7.74
411,1/1/1970,Prince Rupert,CA,54.3161,-130.3201,100,42.49,1007,81,8.05
412,1/1/1970,Nizhniy Baskunchak,RU,48.2198,46.8311,100,40.26,1024,72,12.73
413,1/1/1970,Pala,TD,9.3642,14.9046,55,79.34,1009,55,4.03
414,1/1/1970,Gambēla,ET,8.25,34.5833,94,70.57,1009,86,4.79
415,1/1/1970,Castro,BR,-24.7911,-50.0119,56,65.79,1011,92,1.72
416,1/1/1970,Acaraú,BR,-2.8856,-40.12,67,80.62,1009,80,15.73
417,1/1/1970,Abū Zabad,SD,12.35,29.25,15,80.74,1008,25,9.55
418,1/1/1970,Srednekolymsk,RU,67.45,153.6833,100,6.31,1004,95,5.66
419,1/1/1970,Phan Thiet,VN,10.9333,108.1,99,75.27,1007,90,2.8
420,1/1/1970,Batemans Bay,AU,-35.7167,150.1833,65,69.19,1008,59,3.15
421,1/1/1970,Teya,RU,60.3778,92.6267,100,24.35,1018,87,13.15
422,1/1/1970,Krotovka,RU,53.2858,51.1686,100,41.18,1019,47,18.54
423,1/1/1970,Bacolod City,PH,10.6667,122.95,94,78.76,1008,87,7.65
424,1/1/1970,Lahat,ID,-3.8,103.5333,100,72.12,1007,97,2.28
425,1/1/1970,Codrington,AU,-38.2667,141.9667,100,54.36,1012,57,7.31
426,1/1/1970,Borogontsy,RU,62.6683,131.1683,99,-3.03,1017,100,0.96
427,1/1/1970,Mamonovo,RU,54.4643,19.938,100,48.15,1016,84,21.85
428,1/1/1970,Suez,EG,29.9737,32.5263,0,68.36,1013,81,10.31
429,1/1/1970,Geraldton,AU,-28.7667,114.6,2,55.81,1010,82,9.22
430,1/1/1970,Kangaatsiaq,GL,68.3065,-53.4641,100,29.28,1011,70,7.72
431,1/1/1970,Margate,GB,51.3813,1.3862,98,55.11,1006,80,1.99
432,1/1/1970,Birin,NP,26.8865,88.0718,70,50.9,1012,87,3.49
433,1/1/1970,Berlin,DE,52.5244,13.4105,20,48.94,1011,81,15.99
434,1/1/1970,Ambon City,ID,-3.6954,128.1814,40,81.48,1007,79,2.1
435,1/1/1970,Los Llanos de Aridane,ES,28.6585,-17.9182,75,65.95,1019,68,3
436,1/1/1970,Nome,US,64.5011,-165.4064,90,19.47,1012,73,6.91
437,1/1/1970,Wilmington,US,34.2257,-77.9447,90,60.71,1013,78,19.57
438,1/1/1970,Lazo,RU,43.3817,133.9014,97,34.34,1028,75,5.44
439,1/1/1970,Chik,RU,54.9928,82.4311,90,28.15,1028,80,15.66
440,1/1/1970,Rio Grande,BR,-32.035,-52.0986,41,61.95,1019,66,11.99
441,1/1/1970,Mombasa,KE,-4.0547,39.6636,23,76.5,1011,85,7.92
442,1/1/1970,Fortuna,US,40.5982,-124.1573,1,59.67,1021,65,4
443,1/1/1970,Statesboro,US,32.4488,-81.7832,90,50.31,1016,87,9.22
444,1/1/1970,Buncrana,IE,55.1333,-7.45,100,48.85,1018,63,24.49
445,1/1/1970,São Filipe,CV,14.8961,-24.4956,92,79.05,1014,73,11.16
446,1/1/1970,Santa Cruz de la Sierra,BO,-17.8,-63.1667,99,71.65,1011,68,10.36
447,1/1/1970,La Ronge,CA,55.1001,-105.2842,90,39.45,1005,87,4.61
448,1/1/1970,Wukari,NG,7.85,9.7833,100,78.42,1009,78,7.4
449,1/1/1970,‘Ewa Beach,US,21.3156,-158.0072,75,87.75,1019,58,18.99
450,1/1/1970,San Diego de Los Baños,CU,22.6467,-83.3697,43,75.47,1014,65,10.31
451,1/1/1970,Okoneshnikovo,RU,54.8377,75.0834,100,30.99,1025,67,14.63
452,1/1/1970,Tongren,CN,27.7172,109.1853,100,61.68,1016,97,4.76
453,1/1/1970,Ha Giang,VN,22.8333,104.9833,95,74.32,1010,98,0.63
454,1/1/1970,Pangai,TO,-19.8,-174.35,62,78.28,1014,79,17.45
455,1/1/1970,Palmas Bellas,PA,9.2319,-80.0867,91,84.4,1009,84,6.06
456,1/1/1970,Paita,PE,-5.0892,-81.1144,24,68.56,1011,78,20.74
457,1/1/1970,Buala,SB,-8.145,159.5921,33,84.47,1011,63,9.93
458,1/1/1970,Whitehorse,CA,60.7161,-135.0538,75,35.02,1004,86,8.99
459,1/1/1970,Cockburn Town,TC,21.4612,-71.1419,40,82.36,1012,74,10.36
460,1/1/1970,Shubarshi,KZ,48.5872,57.1869,18,29.39,1034,22,9.04
461,1/1/1970,Leningradskiy,RU,69.3833,178.4167,8,-9.11,1009,89,5.26
462,1/1/1970,Oyama,JP,36.3,139.8,100,57.58,1024,70,5.21
463,1/1/1970,Quetta,PK,30.199,67.0097,2,50.81,1016,45,0.81
464,1/1/1970,Puerto Rondón,CO,6.2805,-71.1,75,82.6,1008,71,4.54
465,1/1/1970,Stornoway,GB,58.2093,-6.3865,21,47.93,1003,72,35.79
466,1/1/1970,Victor Harbor,AU,-35.5667,138.6167,100,60.89,1009,64,9.55
467,1/1/1970,Inhambane,MZ,-23.865,35.3833,52,73.89,1012,89,10.02
468,1/1/1970,Boende,CD,-0.2167,20.8667,80,73.9,1009,88,1.83
469,1/1/1970,Sangar,RU,63.9242,127.4739,99,-5.26,1017,99,3.04
470,1/1/1970,Mucurapo,TT,10.6667,-61.5333,100,82.45,1014,74,9.57
471,1/1/1970,Dakar,SN,14.6937,-17.4441,0,80.73,1010,83,13.8
472,1/1/1970,Palmer,US,42.1584,-72.3287,1,45.77,1025,60,0
473,1/1/1970,Naze,JP,28.3667,129.4833,92,70.72,1014,79,21.74
474,1/1/1970,Tsimmerbude,RU,54.675,20.1347,100,48.25,1016,85,20.13
475,1/1/1970,Richards Bay,ZA,-28.783,32.0377,66,67.55,1014,94,5.1
476,1/1/1970,Ust-Tsilma,RU,65.441,52.1498,100,35.46,988,96,7.05
477,1/1/1970,Egvekinot,RU,66.3167,-179.1667,73,-11.36,1014,95,1.83
478,1/1/1970,Rutland,US,43.6167,-73.0162,1,42.24,1026,74,0
479,1/1/1970,Vrangel',RU,42.7297,133.0839,95,42.08,1026,70,8.72
480,1/1/1970,Mushie,CD,-3.0167,16.9,100,71.53,1009,97,3.11
481,1/1/1970,Inzhavino,RU,52.3185,42.4937,65,41.38,1017,92,7.61
482,1/1/1970,Inírida,CO,3.8653,-67.9239,84,80.37,1008,82,2.42
483,1/1/1970,Kroya,ID,-7.6331,109.2461,100,77.27,1007,90,2.37
484,1/1/1970,São José da Coroa Grande,BR,-8.8978,-35.1478,5,79.3,1010,84,12.21
485,1/1/1970,Northam,GB,51.0333,-4.2167,99,56.43,1022,93,20.24
486,1/1/1970,Bambanglipuro,ID,-7.95,110.2833,100,77.18,1006,90,3.87
487,1/1/1970,Dombarovskiy,RU,50.7587,59.5386,99,28.36,1034,25,11.27
488,1/1/1970,Champerico,GT,14.3,-91.9167,25,83.35,1010,72,7.36
489,1/1/1970,Usinsk,RU,65.9939,57.5281,100,35.29,987,100,16.98
490,1/1/1970,Sioux Lookout,CA,50.1001,-91.917,20,52.18,1008,66,6.91
491,1/1/1970,The Valley,AI,18.217,-63.0578,20,82.54,1014,69,6.91
492,1/1/1970,Luau,AO,-10.7073,22.2247,84,70.84,1008,56,2.82
493,1/1/1970,Sur,OM,22.5667,59.5289,1,75.38,1011,57,7.78
494,1/1/1970,Najrān,SA,17.4924,44.1277,4,63.25,1015,25,0.87
495,1/1/1970,Vigrestad,NO,58.5667,5.7,100,51.48,996,85,21.63
496,1/1/1970,São João da Barra,BR,-21.6403,-41.0511,43,69.94,1013,77,10.96
497,1/1/1970,Comodoro Rivadavia,AR,-45.8667,-67.5,0,85.86,1008,9,17.27
498,1/1/1970,Hare Bay,CA,48.8499,-54.0148,13,40.35,1016,76,8.61
499,1/1/1970,Koygorodok,RU,60.445,50.9968,100,41.4,998,88,8.9
500,1/1/1970,Camaçari,BR,-12.6975,-38.3242,100,78.57,1010,94,4.5
501,1/1/1970,Kamen'-Rybolov,RU,44.7481,132.0403,100,30.4,1032,43,9.19
502,1/1/1970,Dayong,CN,25.0209,118.2898,89,73.89,1015,92,2.15
503,1/1/1970,Ribeira Brava,PT,32.65,-17.0667,58,69.71,1024,63,10.07
504,1/1/1970,Santo Domingo,DO,18.5001,-69.9886,20,84.04,1013,77,1.01
505,1/1/1970,Corat,AZ,40.5725,49.7064,0,37.49,1025,46,2.95
506,1/1/1970,Kargopol',RU,61.5071,38.9456,100,38.17,997,81,9.51
507,1/1/1970,Ostrovnoy,RU,68.0531,39.5131,100,34.77,991,99,20.29
508,1/1/1970,Lusambo,CD,-4.9667,23.45,95,69.53,1010,99,4.65
509,1/1/1970,Fairbanks,US,64.8378,-147.7164,90,26.56,1005,89,3.44
510,1/1/1970,San Cristobal,VE,7.7669,-72.225,38,78.98,1011,65,4.5
511,1/1/1970,Coyhaique,CL,-45.5752,-72.0662,0,66.15,1014,30,10.36
512,1/1/1970,Kerema,PG,-7.9631,145.7785,53,81.21,1008,82,1.86
513,1/1/1970,Porvoo,FI,60.3923,25.6651,9,37.24,1003,96,10.98
514,1/1/1970,Bellevue,US,47.6104,-122.2007,90,48.81,1013,85,5.99
515,1/1/1970,Berlevåg,NO,70.8578,29.0864,100,33.13,1002,61,12.01
516,1/1/1970,Buchanan,LR,5.8808,-10.0467,77,75.16,1011,83,5.64
517,1/1/1970,Karratha,AU,-20.7377,116.8463,11,76.35,1006,65,7.87
518,1/1/1970,Olinda,BR,-8.0089,-34.8553,20,82.13,1010,74,8.05
519,1/1/1970,Mujiayingzi,CN,42.1167,118.7833,100,16.54,1036,95,9.19
520,1/1/1970,Basco,PH,20.4487,121.9702,13,81.82,1011,80,9.06
521,1/1/1970,Umm Kaddadah,SD,13.6017,26.6876,4,81.97,1010,23,13.51
522,1/1/1970,Qingdao,CN,36.0986,120.3719,0,56.8,1017,88,8.95
523,1/1/1970,Buraidah,SA,26.326,43.975,0,68.45,1013,32,7.81
524,1/1/1970,Liberia,LR,6.5,-9.5,100,72.72,1013,97,4.63
525,1/1/1970,Aksarka,RU,66.5606,67.7975,100,34.18,986,98,16.4
526,1/1/1970,Moree,AU,-29.4667,149.85,69,75.22,1011,60,19.57
527,1/1/1970,Tahoua,NE,14.8888,5.2692,100,83.64,1010,13,10.47
528,1/1/1970,Rantepao,ID,-2.9701,119.8978,89,68.2,1010,96,1.9
529,1/1/1970,Guozhen,CN,34.3659,107.359,61,27.16,1046,77,4.5
530,1/1/1970,Senneterre,CA,48.3835,-77.2328,26,46.62,1018,79,11.05
531,1/1/1970,Bandarbeyla,SO,9.4942,50.8122,32,76.17,1010,75,10.02
532,1/1/1970,Bucak,TR,37.4592,30.595,15,55.44,1020,36,6.24
533,1/1/1970,Port Augusta,AU,-32.5,137.7667,99,65.71,1011,66,14.12
534,1/1/1970,Sarankhola,BD,22.3082,89.7897,6,63.32,1009,70,4.29
535,1/1/1970,Ateptsevo,RU,55.3236,36.75,97,45.12,1008,88,15.64
536,1/1/1970,Pingzhuang,CN,42.0372,119.2889,100,17.47,1035,93,12.46
537,1/1/1970,Imbituba,BR,-28.24,-48.6703,100,72.82,1015,93,4.54
538,1/1/1970,Kyren,RU,51.6828,102.1408,88,18.07,1037,82,1.1
539,1/1/1970,Novopokrovka,UA,49.8425,36.5477,0,39.58,1023,79,7.05
540,1/1/1970,Constitución,CL,-35.3333,-72.4167,6,57.11,1019,76,9.51
541,1/1/1970,Anloga,GH,5.7947,0.8973,72,80.82,1011,77,8.81
542,1/1/1970,Brae,GB,60.3964,-1.353,100,49.91,990,85,29.1
543,1/1/1970,Mokhsogollokh,RU,61.4681,128.9203,92,5.52,1018,95,5.77
544,1/1/1970,Pāveh,IR,35.0434,46.3565,0,44.2,1019,55,7.43
545,1/1/1970,Manaquiri,BR,-3.3167,-60.35,86,75.69,1008,81,1.57
546,1/1/1970,Zhangye,CN,38.9342,100.4517,0,8.76,1050,59,7.63
547,1/1/1970,Kuvandyk,RU,51.4781,57.3552,100,29.32,1031,27,7.65
548,1/1/1970,Aquiraz,BR,-3.9014,-38.3911,70,85.21,1007,66,10.94
549,1/1/1970,Serenje,ZM,-13.2325,30.2352,47,71.69,1011,32,7.99
550,1/1/1970,Elista,RU,46.3078,44.2558,100,41.58,1021,93,15.99
551,1/1/1970,Lima,PE,-12.0432,-77.0282,75,72.9,997,70,16.11
552,1/1/1970,Marystown,CA,47.1666,-55.1483,79,42.85,1016,100,16.15
553,1/1/1970,Westerland,DE,54.9079,8.3033,90,52.02,1007,100,24.16
554,1/1/1970,Ola,RU,59.5833,151.2833,100,34.14,1003,91,25.5
555,1/1/1970,Sola,VU,-13.8833,167.55,96,80.65,1011,74,6.64
556,1/1/1970,Durango,MX,24.8333,-104.8333,1,71.83,1015,30,6.44
557,1/1/1970,Nortelândia,BR,-14.4547,-56.8028,100,71.83,1011,97,4.14
558,1/1/1970,Petropavlovsk-Kamchatskiy,RU,53.0452,158.6483,75,28.99,1019,64,2.24
